QualStatus,IssueAge,Gender,InitialBB,InitialPols,InitialPremium,Benefit_Base_Bucket,Percentage,CreditingStrategy,PolicyID,SCPeriod,valRate,MGIR,Bonus,RollupType,Rollup,RollupDuration,GLWBStartYear,WaitPeriod
N,57,Female,463.2844779,0.016596393,356.3726753,"[0, 50000)",0.003921188,Indexed,10,10,0.0475,0.01,0,Simple,0.1,10,5,4
N,57,Female,3225.474204,0.049357974,2481.134003,"[50000, 100000)",0.014856668,Indexed,100,10,0.0475,0.01,0,Simple,0.1,10,8,7
N,57,Male,1044.918072,0.003811334,803.7831322,"[200000, 500000)",0.001753843,Indexed,200,10,0.0475,0.01,0,Simple,0.1,10,2,1
Q,57,Female,289382.9265,2.194709035,222602.2512,"[100000, 200000)",0.161825759,Indexed,1450,10,0.0475,0.01,0,Simple,0.1,10,12,11
Q,67,Female,105093.3338,0.784890245,80841.02598,"[100000, 200000)",0.033229862,Indexed,2000,10,0.0475,0.01,0,Simple,0.1,10,6,5
Q,77,Male,27178.1619,0.039019025,20906.27839,"[500000, Inf)",0.051961232,Indexed,2800,10,0.0475,0.01,0,Simple,0.1,10,99,98
